<?xml version="1.0" encoding="UTF-8"?>
<project-private xmlns="http://www.netbeans.org/ns/project-private/1">
    <editor-bookmarks xmlns="http://www.netbeans.org/ns/editor-bookmarks/2" lastBookmarkId="0"/>
    <open-files xmlns="http://www.netbeans.org/ns/projectui-open-files/2">
        <group>
            <file>file:/C:/Users/zixua/Documents/NetBeansProjects/TestPrac6/src/java/controller/LoanController.java</file>
            <file>file:/C:/Users/zixua/Documents/NetBeansProjects/TestPrac6/src/java/controller/NameServlet.java</file>
            <file>file:/C:/Users/zixua/Documents/NetBeansProjects/TestPrac6/web/LoanForm.html</file>
            <file>file:/C:/Users/zixua/Documents/NetBeansProjects/TestPrac6/src/java/controller/StudentServlet.java</file>
            <file>file:/C:/Users/zixua/Documents/NetBeansProjects/TestPrac6/web/StudentForm.html</file>
        </group>
    </open-files>
</project-private>
