<?xml version="1.0" encoding="UTF-8"?>
<project-private xmlns="http://www.netbeans.org/ns/project-private/1">
    <editor-bookmarks xmlns="http://www.netbeans.org/ns/editor-bookmarks/2" lastBookmarkId="0"/>
    <open-files xmlns="http://www.netbeans.org/ns/projectui-open-files/2">
        <group>
            <file>file:/G:/201910%20GUI%20-%20Teaching%20Materials/201909%20AACS3094%20GUI%20_%20Web%20Application%20Programming/STUDENTS_%20COPY/Practical_Student_Version/practical%2010%20b/jewelleryweb/web/secureAdmin/UpdateConfirmation.jsp</file>
            <file>file:/G:/201910%20GUI%20-%20Teaching%20Materials/201909%20AACS3094%20GUI%20_%20Web%20Application%20Programming/STUDENTS_%20COPY/Practical_Student_Version/practical%2010%20b/jewelleryweb/web/secureAdmin/UpdateConfirm.jsp</file>
            <file>file:/G:/201910%20GUI%20-%20Teaching%20Materials/201909%20AACS3094%20GUI%20_%20Web%20Application%20Programming/STUDENTS_%20COPY/Practical_Student_Version/practical%2010%20b/jewelleryweb/web/DisplayItemList.jsp</file>
            <file>file:/G:/201910%20GUI%20-%20Teaching%20Materials/201909%20AACS3094%20GUI%20_%20Web%20Application%20Programming/STUDENTS_%20COPY/Practical_Student_Version/practical%2010%20b/jewelleryweb/web/WEB-INF/web.xml</file>
            <file>file:/G:/201910%20GUI%20-%20Teaching%20Materials/201909%20AACS3094%20GUI%20_%20Web%20Application%20Programming/STUDENTS_%20COPY/Practical_Student_Version/practical%2010%20b/jewelleryweb/src/conf/persistence.xml</file>
            <file>file:/G:/201910%20GUI%20-%20Teaching%20Materials/201909%20AACS3094%20GUI%20_%20Web%20Application%20Programming/STUDENTS_%20COPY/Practical_Student_Version/practical%2010%20b/jewelleryweb/web/SearchItem.jsp</file>
        </group>
    </open-files>
</project-private>
